{"20.0":0.6155555556,"38.0":0.5263157895,"25.0":0.5053321147,"19.0":0.4555555556,"23.0":0.4498183534,"18.0":0.4444444444,"28.0":0.4394349025,"27.0":0.4363006865,"21.0":0.4301454394,"26.0":0.4273466725,"29.0":0.4255424784,"30.0":0.4181886218,"24.0":0.4011981896,"22.0":0.3971416791,"35.0":0.3924603175,"31.0":0.3783730159,"33.0":0.3433801518,"34.0":0.3350649351,"32.0":0.3124098124,"37.0":0.2,"42.0":0.2,"36.0":0.1753472222,"55.0":0.1666666667,"39.0":0.1111111111}