{"('Female', 19.0)":0.8,"('Male', 20.0)":0.6888888889,"('Female', 31.0)":0.6199074074,"('Female', 25.0)":0.6112404509,"('Female', 20.0)":0.5666666667,"('Female', 38.0)":0.5263157895,"('Female', 27.0)":0.5090006198,"('Female', 23.0)":0.5057949087,"('Female', 29.0)":0.4986397589,"('Female', 26.0)":0.4910210521,"('Female', 28.0)":0.4815894901,"('Female', 30.0)":0.4724537263,"('Male', 21.0)":0.4614348371,"('Male', 34.0)":0.4583333333,"('Male', 18.0)":0.4444444444,"('Female', 24.0)":0.4420776013,"('Female', 22.0)":0.4404366345,"('Female', 21.0)":0.4122657835,"('Male', 28.0)":0.4108300039,"('Female', 35.0)":0.3924603175,"('Male', 25.0)":0.3872035859,"('Male', 27.0)":0.3854107333,"('Male', 30.0)":0.3836562826,"('Male', 33.0)":0.3777777778,"('Male', 23.0)":0.3751829463,"('Male', 29.0)":0.3715140536,"('Male', 24.0)":0.3572906734,"('Male', 22.0)":0.3451877326,"('Male', 26.0)":0.3451005987,"('Female', 32.0)":0.3333333333,"('Female', 33.0)":0.3188104189,"('Male', 32.0)":0.3061327561,"('Female', 36.0)":0.2673611111,"('Female', 34.0)":0.2646258503,"('Male', 37.0)":0.2,"('Male', 42.0)":0.2,"('Male', 31.0)":0.1972222222,"('Female', 55.0)":0.1666666667,"('Male', 19.0)":0.1111111111,"('Male', 39.0)":0.1111111111,"('Male', 36.0)":0.0833333333}