{"24 to 28":0.4415883239,"23 and under":0.4350814974,"29 and over":0.3793032426}