{"('Female', '24 to 28')":0.5086036308,"('Female', '23 and under')":0.4733464497,"('Female', '29 and over')":0.4208906801,"('Male', '23 and under')":0.3845170963,"('Male', '24 to 28')":0.3787325877,"('Male', '29 and over')":0.3456914781}