{"International\/Humanitarian Affairs":0.4808297258,"Other":0.462108033,"Lawyer":0.459085718,"Banking\/Consulting\/Finance\/Marketing\/Business\/CEO\/Entrepreneur\/Admin":0.4443987969,"Journalism":0.4318181818,"Doctor\/Medicine":0.4315858118,"Social Work":0.4301587302,"Undecided":0.4099434571,"Academic\/Research":0.4072581773,"Creative Arts\/Entertainment":0.4009107915,"Architecture":0.4,"Pro sports\/Athletics":0.4,"Psychologist":0.3990970072,"Engineer":0.3647940875,"Real Estate":0.3537037037,"Politics":0.3480808081,"Speech Pathology":0.1428571429}