{"movies":7.8988970588,"music":7.875,"dining":7.7757352941,"reading":7.6470588235,"museums":6.9724264706,"concerts":6.84375,"theater":6.7610294118,"art":6.6893382353,"sports":6.3952205882,"exercise":6.2867647059,"hiking":5.7573529412,"clubbing":5.7518382353,"shopping":5.6047794118,"tv":5.3253676471,"tvsports":4.5496323529,"yoga":4.4154411765,"gaming":3.8400735294}