{"Likes":6.3793103448,"Matches":2.5045372051,"Contact made":0.3049001815,"Had a date":0.1705989111}