{"('Female', 'Familiar')":0.4837535014,"('Female', 'Strangers')":0.4789624138,"('Male', 'Familiar')":0.3984316853,"('Male', 'Strangers')":0.3723129523}