{"Familiar":0.4502342165,"Strangers":0.4247200491}