{"Attractiveness":22.4953468452,"Sincerity":17.3968669321,"Intelligence":20.270758837,"Fun":17.4597137681,"Ambition":10.6853754081,"Shared Interests":11.8459304158}